{"cameraMode":{"drawMode":0,"name":"Shaded","section":"Shading Mode"},"sceneLighting":true,"audioPlay":false,"sceneViewState":{"showFog":true,"showMaterialUpdate":false,"showSkybox":true,"showFlares":true,"showImageEffects":true,"showParticleSystems":true},"in2DMode":false,"pivot":{"x":-14.040607452392579,"y":0.4931691586971283,"z":85.76549530029297},"rotation":{"x":0.026797762140631677,"y":-0.1211579218506813,"z":0.003272188128903508,"w":0.9922707676887512},"size":155.17132568359376,"orthographic":true}