{"cameraMode":{"drawMode":0,"name":"Shaded","section":"Shading Mode"},"sceneLighting":true,"audioPlay":false,"sceneViewState":{"showFog":true,"showMaterialUpdate":false,"showSkybox":true,"showFlares":true,"showImageEffects":true,"showParticleSystems":true},"in2DMode":false,"pivot":{"x":-1.6696935892105103,"y":-0.14351122081279756,"z":0.5936285257339478},"rotation":{"x":0.026797762140631677,"y":-0.1211579218506813,"z":0.003272188128903508,"w":0.9922707676887512},"size":8.7098388671875,"orthographic":true}