{"cameraMode":{"drawMode":0,"name":"Shaded","section":"Shading Mode"},"sceneLighting":true,"audioPlay":false,"sceneViewState":{"showFog":true,"showMaterialUpdate":false,"showSkybox":true,"showFlares":true,"showImageEffects":true,"showParticleSystems":true},"in2DMode":false,"pivot":{"x":78.96866607666016,"y":52.80234146118164,"z":90.0},"rotation":{"x":0.026797762140631677,"y":-0.1211579218506813,"z":0.003272188128903508,"w":0.9922707676887512},"size":241.82537841796876,"orthographic":false}